{
  "required": true,
  "minVersion": "0.8.2",
  "package": "com.zergatul.cheatutils.mixins",
  "refmap": "cheatutils.mixin-refmap.json",
  "compatibilityLevel": "JAVA_17",
  "client": [
    "common.accessors.AbstractContainerScreenAccessor",
    "common.accessors.ClientPacketListenerAccessor",
    "common.accessors.ConnectionAccessor",
    "common.accessors.CraftingScreenAccessor",
    "common.accessors.InputConstantsKeyAccessor",
    "common.accessors.ItemRendererAccessor",
    "common.accessors.KeyMappingAccessor",
    "common.accessors.LivingEntityAccessor",
    "common.accessors.ProjectileAccessor",
    "common.accessors.ScreenAccessor",

    "common.MixinAbstractContainerScreen",
    "common.MixinBlockBehaviourBlockStateBase",
    "common.MixinBoat",
    "common.MixinCamera",
    "common.MixinClientboundDisconnectPacket",
    "common.MixinClientChunkCache",
    "common.MixinClientLevel",
    "common.MixinClientPacketListener",
    "common.MixinDeathScreen",
    "common.MixinDebugScreenOverlay",
    "common.MixinEntity",
    "common.MixinEntityRenderer",
    "common.MixinFogRenderer",
    "common.MixinGameRenderer",
    "common.MixinGui",
    "common.MixinKeyBindingListKeyEntry",
    "common.MixinLevelChunk",
    "common.MixinLevelRenderer",
    "common.MixinLivingEntity",
    "common.MixinLocalPlayer",
    "common.MixinMinecraft",
    "common.MixinMouseHandler",
    "common.MixinMultiPlayerGameMode",
    "common.MixinOptions",
    "common.MixinParticleEngine",
    "common.MixinPig",
    "common.MixinPlayerRenderer",
    "common.MixinScreen",
    "common.MixinServerboundMovePlayerPacket",
    "common.MixinSlimeBlock",
    "common.MixinUser",

    "forge.MixinC2SModListReply",
    "forge.MixinLightTexture",
    "forge.MixinLocalPlayer"
  ]
}