{
  "mappings": {
    "com/zergatul/cheatutils/mixins/common/MixinPig": {
      "Lnet/minecraft/world/entity/animal/Pig;getSteeringSpeed()F": "Lnet/minecraft/world/entity/animal/Pig;m_6748_()F",
      "Lnet/minecraft/world/entity/animal/Pig;canBeControlledBy(Lnet/minecraft/world/entity/Entity;)Z": "Lnet/minecraft/world/entity/animal/Pig;m_218247_(Lnet/minecraft/world/entity/Entity;)Z"
    },
    "com/zergatul/cheatutils/mixins/common/MixinDeathScreen": {
      "render(Lcom/mojang/blaze3d/vertex/PoseStack;IIF)V": "Lnet/minecraft/client/gui/screens/DeathScreen;m_6305_(Lcom/mojang/blaze3d/vertex/PoseStack;IIF)V"
    },
    "com/zergatul/cheatutils/mixins/common/MixinPlayerRenderer": {
      "Lnet/minecraft/client/renderer/entity/LivingEntityRenderer;render(Lnet/minecraft/world/entity/LivingEntity;FFLcom/mojang/blaze3d/vertex/PoseStack;Lnet/minecraft/client/renderer/MultiBufferSource;I)V": "Lnet/minecraft/client/renderer/entity/LivingEntityRenderer;m_7392_(Lnet/minecraft/world/entity/LivingEntity;FFLcom/mojang/blaze3d/vertex/PoseStack;Lnet/minecraft/client/renderer/MultiBufferSource;I)V",
      "render(Lnet/minecraft/client/player/AbstractClientPlayer;FFLcom/mojang/blaze3d/vertex/PoseStack;Lnet/minecraft/client/renderer/MultiBufferSource;I)V": "Lnet/minecraft/client/renderer/entity/player/PlayerRenderer;m_7392_(Lnet/minecraft/client/player/AbstractClientPlayer;FFLcom/mojang/blaze3d/vertex/PoseStack;Lnet/minecraft/client/renderer/MultiBufferSource;I)V"
    },
    "com/zergatul/cheatutils/mixins/common/accessors/CraftingScreenAccessor": {
      "slotClicked": "m_6597_(Lnet/minecraft/world/inventory/Slot;IILnet/minecraft/world/inventory/ClickType;)V"
    },
    "com/zergatul/cheatutils/mixins/common/accessors/AbstractContainerScreenAccessor": {
      "imageWidth": "f_97726_:I",
      "imageHeight": "f_97727_:I"
    },
    "com/zergatul/cheatutils/mixins/common/MixinOptions": {
      "Lnet/minecraft/client/Options;getEffectiveRenderDistance()I": "Lnet/minecraft/client/Options;m_193772_()I",
      "bobView()Lnet/minecraft/client/OptionInstance;": "Lnet/minecraft/client/Options;m_231830_()Lnet/minecraft/client/OptionInstance;",
      "Lnet/minecraft/client/Options;load()V": "Lnet/minecraft/client/Options;m_92140_()V"
    },
    "com/zergatul/cheatutils/mixins/common/MixinBlockBehaviourBlockStateBase": {
      "Lnet/minecraft/world/level/block/state/BlockBehaviour$BlockStateBase;getDestroyProgress(Lnet/minecraft/world/entity/player/Player;Lnet/minecraft/world/level/BlockGetter;Lnet/minecraft/core/BlockPos;)F": "Lnet/minecraft/world/level/block/state/BlockBehaviour$BlockStateBase;m_60625_(Lnet/minecraft/world/entity/player/Player;Lnet/minecraft/world/level/BlockGetter;Lnet/minecraft/core/BlockPos;)F"
    },
    "com/zergatul/cheatutils/mixins/common/MixinCamera": {
      "setup(Lnet/minecraft/world/level/BlockGetter;Lnet/minecraft/world/entity/Entity;ZZF)V": "Lnet/minecraft/client/Camera;m_90575_(Lnet/minecraft/world/level/BlockGetter;Lnet/minecraft/world/entity/Entity;ZZF)V",
      "Lnet/minecraft/client/Camera;setRotation(FF)V": "Lnet/minecraft/client/Camera;m_90572_(FF)V"
    },
    "com/zergatul/cheatutils/mixins/common/MixinClientLevel": {
      "addPlayer(ILnet/minecraft/client/player/AbstractClientPlayer;)V": "Lnet/minecraft/client/multiplayer/ClientLevel;m_104630_(ILnet/minecraft/client/player/AbstractClientPlayer;)V"
    },
    "com/zergatul/cheatutils/mixins/common/accessors/ConnectionAccessor": {
      "channel": "f_129468_:Lio/netty/channel/Channel;"
    },
    "com/zergatul/cheatutils/mixins/common/accessors/ProjectileAccessor": {
      "ownerUUID": "f_37244_:Ljava/util/UUID;"
    },
    "com/zergatul/cheatutils/mixins/common/MixinLevelRenderer": {
      "Lnet/minecraft/client/renderer/LevelRenderer;setupRender(Lnet/minecraft/client/Camera;Lnet/minecraft/client/renderer/culling/Frustum;ZZ)V": "Lnet/minecraft/client/renderer/LevelRenderer;m_194338_(Lnet/minecraft/client/Camera;Lnet/minecraft/client/renderer/culling/Frustum;ZZ)V",
      "renderLevel(Lcom/mojang/blaze3d/vertex/PoseStack;FJZLnet/minecraft/client/Camera;Lnet/minecraft/client/renderer/GameRenderer;Lnet/minecraft/client/renderer/LightTexture;Lcom/mojang/math/Matrix4f;)V": "Lnet/minecraft/client/renderer/LevelRenderer;m_109599_(Lcom/mojang/blaze3d/vertex/PoseStack;FJZLnet/minecraft/client/Camera;Lnet/minecraft/client/renderer/GameRenderer;Lnet/minecraft/client/renderer/LightTexture;Lcom/mojang/math/Matrix4f;)V",
      "Lnet/minecraft/client/renderer/MultiBufferSource$BufferSource;endLastBatch()V": "Lnet/minecraft/client/renderer/MultiBufferSource$BufferSource;m_173043_()V"
    },
    "com/zergatul/cheatutils/mixins/common/MixinAbstractContainerScreen": {
      "Lnet/minecraft/client/gui/screens/inventory/AbstractContainerScreen;renderLabels(Lcom/mojang/blaze3d/vertex/PoseStack;II)V": "Lnet/minecraft/client/gui/screens/inventory/AbstractContainerScreen;m_7027_(Lcom/mojang/blaze3d/vertex/PoseStack;II)V",
      "init()V": "Lnet/minecraft/client/gui/screens/inventory/AbstractContainerScreen;m_7856_()V",
      "render(Lcom/mojang/blaze3d/vertex/PoseStack;IIF)V": "Lnet/minecraft/client/gui/screens/inventory/AbstractContainerScreen;m_6305_(Lcom/mojang/blaze3d/vertex/PoseStack;IIF)V"
    },
    "com/zergatul/cheatutils/mixins/common/MixinBoat": {
      "Lnet/minecraft/world/entity/vehicle/Boat;floatBoat()V": "Lnet/minecraft/world/entity/vehicle/Boat;m_38395_()V",
      "Lnet/minecraft/world/entity/vehicle/Boat;controlBoat()V": "Lnet/minecraft/world/entity/vehicle/Boat;m_38396_()V",
      "Lnet/minecraft/world/entity/vehicle/Boat;setDeltaMovement(DDD)V": "Lnet/minecraft/world/entity/vehicle/Boat;m_20334_(DDD)V"
    },
    "com/zergatul/cheatutils/mixins/common/MixinClientChunkCache": {
      "replaceWithPacketData(IILnet/minecraft/network/FriendlyByteBuf;Lnet/minecraft/nbt/CompoundTag;Ljava/util/function/Consumer;)Lnet/minecraft/world/level/chunk/LevelChunk;": "Lnet/minecraft/client/multiplayer/ClientChunkCache;m_194116_(IILnet/minecraft/network/FriendlyByteBuf;Lnet/minecraft/nbt/CompoundTag;Ljava/util/function/Consumer;)Lnet/minecraft/world/level/chunk/LevelChunk;",
      "Lnet/minecraft/client/multiplayer/ClientChunkCache$Storage;replace(ILnet/minecraft/world/level/chunk/LevelChunk;Lnet/minecraft/world/level/chunk/LevelChunk;)Lnet/minecraft/world/level/chunk/LevelChunk;": "Lnet/minecraft/client/multiplayer/ClientChunkCache$Storage;m_104487_(ILnet/minecraft/world/level/chunk/LevelChunk;Lnet/minecraft/world/level/chunk/LevelChunk;)Lnet/minecraft/world/level/chunk/LevelChunk;",
      "updateViewRadius(I)V": "Lnet/minecraft/client/multiplayer/ClientChunkCache;m_104416_(I)V",
      "drop(II)V": "Lnet/minecraft/client/multiplayer/ClientChunkCache;m_104455_(II)V"
    },
    "com/zergatul/cheatutils/mixins/common/MixinMinecraft": {
      "createTitle()Ljava/lang/String;": "Lnet/minecraft/client/Minecraft;m_91270_()Ljava/lang/String;",
      "Lnet/minecraft/client/renderer/GameRenderer;resetData()V": "Lnet/minecraft/client/renderer/GameRenderer;m_109150_()V",
      "shouldEntityAppearGlowing(Lnet/minecraft/world/entity/Entity;)Z": "Lnet/minecraft/client/Minecraft;m_91314_(Lnet/minecraft/world/entity/Entity;)Z",
      "clearLevel(Lnet/minecraft/client/gui/screens/Screen;)V": "Lnet/minecraft/client/Minecraft;m_91320_(Lnet/minecraft/client/gui/screens/Screen;)V",
      "setLevel(Lnet/minecraft/client/multiplayer/ClientLevel;)V": "Lnet/minecraft/client/Minecraft;m_91156_(Lnet/minecraft/client/multiplayer/ClientLevel;)V",
      "handleKeybinds()V": "Lnet/minecraft/client/Minecraft;m_91279_()V",
      "Lnet/minecraft/client/Minecraft;updateScreenAndTick(Lnet/minecraft/client/gui/screens/Screen;)V": "Lnet/minecraft/client/Minecraft;m_91362_(Lnet/minecraft/client/gui/screens/Screen;)V",
      "tick()V": "Lnet/minecraft/client/Minecraft;m_91398_()V",
      "getFramerateLimit()I": "Lnet/minecraft/client/Minecraft;m_91275_()I",
      "close()V": "Lnet/minecraft/client/Minecraft;close()V"
    },
    "com/zergatul/cheatutils/mixins/common/MixinKeyBindingListKeyEntry": {
      "Lnet/minecraft/client/gui/screens/controls/KeyBindsList$KeyEntry;render(Lcom/mojang/blaze3d/vertex/PoseStack;IIIIIIIZF)V": "Lnet/minecraft/client/gui/screens/controls/KeyBindsList$KeyEntry;m_6311_(Lcom/mojang/blaze3d/vertex/PoseStack;IIIIIIIZF)V",
      "Lnet/minecraft/client/gui/Font;draw(Lcom/mojang/blaze3d/vertex/PoseStack;Lnet/minecraft/network/chat/Component;FFI)I": "Lnet/minecraft/client/gui/Font;m_92889_(Lcom/mojang/blaze3d/vertex/PoseStack;Lnet/minecraft/network/chat/Component;FFI)I"
    },
    "com/zergatul/cheatutils/mixins/common/MixinEntityRenderer": {
      "Lnet/minecraft/client/renderer/entity/EntityRenderer;shouldShowName(Lnet/minecraft/world/entity/Entity;)Z": "Lnet/minecraft/client/renderer/entity/EntityRenderer;m_6512_(Lnet/minecraft/world/entity/Entity;)Z",
      "render(Lnet/minecraft/world/entity/Entity;FFLcom/mojang/blaze3d/vertex/PoseStack;Lnet/minecraft/client/renderer/MultiBufferSource;I)V": "Lnet/minecraft/client/renderer/entity/EntityRenderer;m_7392_(Lnet/minecraft/world/entity/Entity;FFLcom/mojang/blaze3d/vertex/PoseStack;Lnet/minecraft/client/renderer/MultiBufferSource;I)V"
    },
    "com/zergatul/cheatutils/mixins/common/MixinMouseHandler": {
      "Lnet/minecraft/client/player/LocalPlayer;isSpectator()Z": "Lnet/minecraft/client/player/LocalPlayer;m_5833_()Z",
      "turnPlayer()V": "Lnet/minecraft/client/MouseHandler;m_91523_()V",
      "Lnet/minecraft/client/player/LocalPlayer;turn(DD)V": "Lnet/minecraft/client/player/LocalPlayer;m_19884_(DD)V",
      "onScroll(JDD)V": "Lnet/minecraft/client/MouseHandler;m_91526_(JDD)V"
    },
    "com/zergatul/cheatutils/mixins/common/MixinUser": {
      "Lnet/minecraft/client/User;getName()Ljava/lang/String;": "Lnet/minecraft/client/User;m_92546_()Ljava/lang/String;"
    },
    "com/zergatul/cheatutils/mixins/common/MixinDebugScreenOverlay": {
      "Lnet/minecraft/client/gui/components/DebugScreenOverlay;getGameInformation()Ljava/util/List;": "Lnet/minecraft/client/gui/components/DebugScreenOverlay;m_94075_()Ljava/util/List;",
      "Lnet/minecraft/client/gui/components/DebugScreenOverlay;getSystemInformation()Ljava/util/List;": "Lnet/minecraft/client/gui/components/DebugScreenOverlay;m_94078_()Ljava/util/List;"
    },
    "com/zergatul/cheatutils/mixins/common/accessors/LivingEntityAccessor": {
      "swimAmountO": "f_20932_:F",
      "swimAmount": "f_20931_:F"
    },
    "com/zergatul/cheatutils/mixins/common/accessors/ScreenAccessor": {
      "renderTooltip": "m_6057_(Lcom/mojang/blaze3d/vertex/PoseStack;Lnet/minecraft/world/item/ItemStack;II)V",
      "font": "f_96547_:Lnet/minecraft/client/gui/Font;"
    },
    "com/zergatul/cheatutils/mixins/common/MixinSlimeBlock": {
      "Lnet/minecraft/world/level/block/SlimeBlock;updateEntityAfterFallOn(Lnet/minecraft/world/level/BlockGetter;Lnet/minecraft/world/entity/Entity;)V": "Lnet/minecraft/world/level/block/SlimeBlock;m_5548_(Lnet/minecraft/world/level/BlockGetter;Lnet/minecraft/world/entity/Entity;)V",
      "Lnet/minecraft/world/level/block/SlimeBlock;fallOn(Lnet/minecraft/world/level/Level;Lnet/minecraft/world/level/block/state/BlockState;Lnet/minecraft/core/BlockPos;Lnet/minecraft/world/entity/Entity;F)V": "Lnet/minecraft/world/level/block/SlimeBlock;m_142072_(Lnet/minecraft/world/level/Level;Lnet/minecraft/world/level/block/state/BlockState;Lnet/minecraft/core/BlockPos;Lnet/minecraft/world/entity/Entity;F)V",
      "Lnet/minecraft/world/level/block/SlimeBlock;stepOn(Lnet/minecraft/world/level/Level;Lnet/minecraft/core/BlockPos;Lnet/minecraft/world/level/block/state/BlockState;Lnet/minecraft/world/entity/Entity;)V": "Lnet/minecraft/world/level/block/SlimeBlock;m_141947_(Lnet/minecraft/world/level/Level;Lnet/minecraft/core/BlockPos;Lnet/minecraft/world/level/block/state/BlockState;Lnet/minecraft/world/entity/Entity;)V"
    },
    "com/zergatul/cheatutils/mixins/common/MixinLivingEntity": {
      "getEffect(Lnet/minecraft/world/effect/MobEffect;)Lnet/minecraft/world/effect/MobEffectInstance;": "Lnet/minecraft/world/entity/LivingEntity;m_21124_(Lnet/minecraft/world/effect/MobEffect;)Lnet/minecraft/world/effect/MobEffectInstance;",
      "hasEffect(Lnet/minecraft/world/effect/MobEffect;)Z": "Lnet/minecraft/world/entity/LivingEntity;m_21023_(Lnet/minecraft/world/effect/MobEffect;)Z"
    },
    "com/zergatul/cheatutils/mixins/common/MixinScreen": {
      "renderTooltipInternal(Lcom/mojang/blaze3d/vertex/PoseStack;Ljava/util/List;II)V": "Lnet/minecraft/client/gui/screens/Screen;m_169383_(Lcom/mojang/blaze3d/vertex/PoseStack;Ljava/util/List;II)V",
      "renderTooltip(Lcom/mojang/blaze3d/vertex/PoseStack;Lnet/minecraft/world/item/ItemStack;II)V": "Lnet/minecraft/client/gui/screens/Screen;m_6057_(Lcom/mojang/blaze3d/vertex/PoseStack;Lnet/minecraft/world/item/ItemStack;II)V"
    },
    "com/zergatul/cheatutils/mixins/common/MixinClientboundDisconnectPacket": {
      "<init>(Lnet/minecraft/network/chat/Component;)V": "Lnet/minecraft/network/protocol/game/ClientboundDisconnectPacket;<init>(Lnet/minecraft/network/chat/Component;)V",
      "<init>(Lnet/minecraft/network/FriendlyByteBuf;)V": "Lnet/minecraft/network/protocol/game/ClientboundDisconnectPacket;<init>(Lnet/minecraft/network/FriendlyByteBuf;)V"
    },
    "com/zergatul/cheatutils/mixins/common/MixinFogRenderer": {
      "setupFog(Lnet/minecraft/client/Camera;Lnet/minecraft/client/renderer/FogRenderer$FogMode;FZF)V": "Lnet/minecraft/client/renderer/FogRenderer;m_234172_(Lnet/minecraft/client/Camera;Lnet/minecraft/client/renderer/FogRenderer$FogMode;FZF)V"
    },
    "com/zergatul/cheatutils/mixins/common/MixinEntity": {
      "collide(Lnet/minecraft/world/phys/Vec3;)Lnet/minecraft/world/phys/Vec3;": "Lnet/minecraft/world/entity/Entity;m_20272_(Lnet/minecraft/world/phys/Vec3;)Lnet/minecraft/world/phys/Vec3;",
      "getInputVector(Lnet/minecraft/world/phys/Vec3;FF)Lnet/minecraft/world/phys/Vec3;": "Lnet/minecraft/world/entity/Entity;m_20015_(Lnet/minecraft/world/phys/Vec3;FF)Lnet/minecraft/world/phys/Vec3;",
      "moveRelative(FLnet/minecraft/world/phys/Vec3;)V": "Lnet/minecraft/world/entity/Entity;m_19920_(FLnet/minecraft/world/phys/Vec3;)V",
      "getTeamColor()I": "Lnet/minecraft/world/entity/Entity;m_19876_()I",
      "getEyePosition(F)Lnet/minecraft/world/phys/Vec3;": "Lnet/minecraft/world/entity/Entity;m_20299_(F)Lnet/minecraft/world/phys/Vec3;",
      "getViewVector(F)Lnet/minecraft/world/phys/Vec3;": "Lnet/minecraft/world/entity/Entity;m_20252_(F)Lnet/minecraft/world/phys/Vec3;"
    },
    "com/zergatul/cheatutils/mixins/common/MixinLocalPlayer": {
      "aiStep()V": "Lnet/minecraft/client/player/LocalPlayer;m_8107_()V",
      "Lnet/minecraft/client/player/Input;tick(ZF)V": "Lnet/minecraft/client/player/Input;m_214106_(ZF)V",
      "isUsingItem()Z": "Lnet/minecraft/client/player/LocalPlayer;m_6117_()Z",
      "sendPosition()V": "Lnet/minecraft/client/player/LocalPlayer;m_108640_()V"
    },
    "com/zergatul/cheatutils/mixins/common/MixinLevelChunk": {
      "replaceWithPacketData(Lnet/minecraft/network/FriendlyByteBuf;Lnet/minecraft/nbt/CompoundTag;Ljava/util/function/Consumer;)V": "Lnet/minecraft/world/level/chunk/LevelChunk;m_187971_(Lnet/minecraft/network/FriendlyByteBuf;Lnet/minecraft/nbt/CompoundTag;Ljava/util/function/Consumer;)V"
    },
    "com/zergatul/cheatutils/mixins/common/MixinGameRenderer": {
      "getFov(Lnet/minecraft/client/Camera;FZ)D": "Lnet/minecraft/client/renderer/GameRenderer;m_109141_(Lnet/minecraft/client/Camera;FZ)D",
      "pick(F)V": "Lnet/minecraft/client/renderer/GameRenderer;m_109087_(F)V",
      "renderItemInHand(Lcom/mojang/blaze3d/vertex/PoseStack;Lnet/minecraft/client/Camera;F)V": "Lnet/minecraft/client/renderer/GameRenderer;m_109120_(Lcom/mojang/blaze3d/vertex/PoseStack;Lnet/minecraft/client/Camera;F)V",
      "render(FJZ)V": "Lnet/minecraft/client/renderer/GameRenderer;m_109093_(FJZ)V",
      "Lnet/minecraft/client/CameraType;isFirstPerson()Z": "Lnet/minecraft/client/CameraType;m_90612_()Z"
    },
    "com/zergatul/cheatutils/mixins/common/MixinEnchantmentScreen": {
      "Lnet/minecraft/client/gui/screens/inventory/EnchantmentScreen;init()V": "Lnet/minecraft/client/gui/screens/inventory/EnchantmentScreen;m_7856_()V",
      "Lnet/minecraft/client/gui/screens/inventory/EnchantmentScreen;containerTick()V": "Lnet/minecraft/client/gui/screens/inventory/EnchantmentScreen;m_181908_()V"
    },
    "com/zergatul/cheatutils/mixins/common/accessors/KeyMappingAccessor": {
      "key": "f_90816_:Lcom/mojang/blaze3d/platform/InputConstants$Key;"
    },
    "com/zergatul/cheatutils/mixins/common/MixinGui": {
      "renderCrosshair(Lcom/mojang/blaze3d/vertex/PoseStack;)V": "Lnet/minecraft/client/gui/Gui;m_93080_(Lcom/mojang/blaze3d/vertex/PoseStack;)V",
      "renderEffects(Lcom/mojang/blaze3d/vertex/PoseStack;)V": "Lnet/minecraft/client/gui/Gui;m_93028_(Lcom/mojang/blaze3d/vertex/PoseStack;)V",
      "Lnet/minecraft/client/CameraType;isFirstPerson()Z": "Lnet/minecraft/client/CameraType;m_90612_()Z"
    },
    "com/zergatul/cheatutils/mixins/forge/MixinLightTexture": {
      "Lnet/minecraft/client/renderer/LightTexture;updateLightTexture(F)V": "Lnet/minecraft/client/renderer/LightTexture;m_109881_(F)V"
    },
    "com/zergatul/cheatutils/mixins/common/accessors/ClientPacketListenerAccessor": {
      "serverChunkRadius": "f_104897_:I",
      "queueLightUpdate": "m_194252_(Lnet/minecraft/network/protocol/game/ClientboundForgetLevelChunkPacket;)V"
    },
    "com/zergatul/cheatutils/mixins/common/MixinParticleEngine": {
      "Lnet/minecraft/client/particle/ParticleEngine;destroy(Lnet/minecraft/core/BlockPos;Lnet/minecraft/world/level/block/state/BlockState;)V": "Lnet/minecraft/client/particle/ParticleEngine;m_107355_(Lnet/minecraft/core/BlockPos;Lnet/minecraft/world/level/block/state/BlockState;)V",
      "Lnet/minecraft/client/particle/ParticleEngine;crack(Lnet/minecraft/core/BlockPos;Lnet/minecraft/core/Direction;)V": "Lnet/minecraft/client/particle/ParticleEngine;m_107367_(Lnet/minecraft/core/BlockPos;Lnet/minecraft/core/Direction;)V"
    },
    "com/zergatul/cheatutils/mixins/common/accessors/InputConstantsKeyAccessor": {
      "NAME_MAP": "f_84857_:Ljava/util/Map;"
    },
    "com/zergatul/cheatutils/mixins/common/accessors/ItemRendererAccessor": {
      "textureManager": "f_115096_:Lnet/minecraft/client/renderer/texture/TextureManager;"
    },
    "com/zergatul/cheatutils/mixins/common/MixinMultiPlayerGameMode": {
      "useItemOn(Lnet/minecraft/client/player/LocalPlayer;Lnet/minecraft/world/InteractionHand;Lnet/minecraft/world/phys/BlockHitResult;)Lnet/minecraft/world/InteractionResult;": "Lnet/minecraft/client/multiplayer/MultiPlayerGameMode;m_233732_(Lnet/minecraft/client/player/LocalPlayer;Lnet/minecraft/world/InteractionHand;Lnet/minecraft/world/phys/BlockHitResult;)Lnet/minecraft/world/InteractionResult;",
      "releaseUsingItem(Lnet/minecraft/world/entity/player/Player;)V": "Lnet/minecraft/client/multiplayer/MultiPlayerGameMode;m_105277_(Lnet/minecraft/world/entity/player/Player;)V"
    },
    "com/zergatul/cheatutils/mixins/common/MixinClientPacketListener": {
      "handleDisconnect(Lnet/minecraft/network/protocol/game/ClientboundDisconnectPacket;)V": "Lnet/minecraft/client/multiplayer/ClientPacketListener;m_6008_(Lnet/minecraft/network/protocol/game/ClientboundDisconnectPacket;)V",
      "Lnet/minecraft/network/protocol/game/ClientboundLoginPacket;playerId()I": "Lnet/minecraft/network/protocol/game/ClientboundLoginPacket;f_132360_()I",
      "handleLogin(Lnet/minecraft/network/protocol/game/ClientboundLoginPacket;)V": "Lnet/minecraft/client/multiplayer/ClientPacketListener;m_5998_(Lnet/minecraft/network/protocol/game/ClientboundLoginPacket;)V",
      "Lnet/minecraft/network/Connection;disconnect(Lnet/minecraft/network/chat/Component;)V": "Lnet/minecraft/network/Connection;m_129507_(Lnet/minecraft/network/chat/Component;)V",
      "handleSetChunkCacheRadius(Lnet/minecraft/network/protocol/game/ClientboundSetChunkCacheRadiusPacket;)V": "Lnet/minecraft/client/multiplayer/ClientPacketListener;m_7299_(Lnet/minecraft/network/protocol/game/ClientboundSetChunkCacheRadiusPacket;)V"
    }
  },
  "data": {
    "searge": {
      "com/zergatul/cheatutils/mixins/common/MixinPig": {
        "Lnet/minecraft/world/entity/animal/Pig;getSteeringSpeed()F": "Lnet/minecraft/world/entity/animal/Pig;m_6748_()F",
        "Lnet/minecraft/world/entity/animal/Pig;canBeControlledBy(Lnet/minecraft/world/entity/Entity;)Z": "Lnet/minecraft/world/entity/animal/Pig;m_218247_(Lnet/minecraft/world/entity/Entity;)Z"
      },
      "com/zergatul/cheatutils/mixins/common/MixinDeathScreen": {
        "render(Lcom/mojang/blaze3d/vertex/PoseStack;IIF)V": "Lnet/minecraft/client/gui/screens/DeathScreen;m_6305_(Lcom/mojang/blaze3d/vertex/PoseStack;IIF)V"
      },
      "com/zergatul/cheatutils/mixins/common/MixinPlayerRenderer": {
        "Lnet/minecraft/client/renderer/entity/LivingEntityRenderer;render(Lnet/minecraft/world/entity/LivingEntity;FFLcom/mojang/blaze3d/vertex/PoseStack;Lnet/minecraft/client/renderer/MultiBufferSource;I)V": "Lnet/minecraft/client/renderer/entity/LivingEntityRenderer;m_7392_(Lnet/minecraft/world/entity/LivingEntity;FFLcom/mojang/blaze3d/vertex/PoseStack;Lnet/minecraft/client/renderer/MultiBufferSource;I)V",
        "render(Lnet/minecraft/client/player/AbstractClientPlayer;FFLcom/mojang/blaze3d/vertex/PoseStack;Lnet/minecraft/client/renderer/MultiBufferSource;I)V": "Lnet/minecraft/client/renderer/entity/player/PlayerRenderer;m_7392_(Lnet/minecraft/client/player/AbstractClientPlayer;FFLcom/mojang/blaze3d/vertex/PoseStack;Lnet/minecraft/client/renderer/MultiBufferSource;I)V"
      },
      "com/zergatul/cheatutils/mixins/common/accessors/CraftingScreenAccessor": {
        "slotClicked": "m_6597_(Lnet/minecraft/world/inventory/Slot;IILnet/minecraft/world/inventory/ClickType;)V"
      },
      "com/zergatul/cheatutils/mixins/common/accessors/AbstractContainerScreenAccessor": {
        "imageWidth": "f_97726_:I",
        "imageHeight": "f_97727_:I"
      },
      "com/zergatul/cheatutils/mixins/common/MixinOptions": {
        "Lnet/minecraft/client/Options;getEffectiveRenderDistance()I": "Lnet/minecraft/client/Options;m_193772_()I",
        "bobView()Lnet/minecraft/client/OptionInstance;": "Lnet/minecraft/client/Options;m_231830_()Lnet/minecraft/client/OptionInstance;",
        "Lnet/minecraft/client/Options;load()V": "Lnet/minecraft/client/Options;m_92140_()V"
      },
      "com/zergatul/cheatutils/mixins/common/MixinBlockBehaviourBlockStateBase": {
        "Lnet/minecraft/world/level/block/state/BlockBehaviour$BlockStateBase;getDestroyProgress(Lnet/minecraft/world/entity/player/Player;Lnet/minecraft/world/level/BlockGetter;Lnet/minecraft/core/BlockPos;)F": "Lnet/minecraft/world/level/block/state/BlockBehaviour$BlockStateBase;m_60625_(Lnet/minecraft/world/entity/player/Player;Lnet/minecraft/world/level/BlockGetter;Lnet/minecraft/core/BlockPos;)F"
      },
      "com/zergatul/cheatutils/mixins/common/MixinCamera": {
        "setup(Lnet/minecraft/world/level/BlockGetter;Lnet/minecraft/world/entity/Entity;ZZF)V": "Lnet/minecraft/client/Camera;m_90575_(Lnet/minecraft/world/level/BlockGetter;Lnet/minecraft/world/entity/Entity;ZZF)V",
        "Lnet/minecraft/client/Camera;setRotation(FF)V": "Lnet/minecraft/client/Camera;m_90572_(FF)V"
      },
      "com/zergatul/cheatutils/mixins/common/MixinClientLevel": {
        "addPlayer(ILnet/minecraft/client/player/AbstractClientPlayer;)V": "Lnet/minecraft/client/multiplayer/ClientLevel;m_104630_(ILnet/minecraft/client/player/AbstractClientPlayer;)V"
      },
      "com/zergatul/cheatutils/mixins/common/accessors/ConnectionAccessor": {
        "channel": "f_129468_:Lio/netty/channel/Channel;"
      },
      "com/zergatul/cheatutils/mixins/common/accessors/ProjectileAccessor": {
        "ownerUUID": "f_37244_:Ljava/util/UUID;"
      },
      "com/zergatul/cheatutils/mixins/common/MixinLevelRenderer": {
        "Lnet/minecraft/client/renderer/LevelRenderer;setupRender(Lnet/minecraft/client/Camera;Lnet/minecraft/client/renderer/culling/Frustum;ZZ)V": "Lnet/minecraft/client/renderer/LevelRenderer;m_194338_(Lnet/minecraft/client/Camera;Lnet/minecraft/client/renderer/culling/Frustum;ZZ)V",
        "renderLevel(Lcom/mojang/blaze3d/vertex/PoseStack;FJZLnet/minecraft/client/Camera;Lnet/minecraft/client/renderer/GameRenderer;Lnet/minecraft/client/renderer/LightTexture;Lcom/mojang/math/Matrix4f;)V": "Lnet/minecraft/client/renderer/LevelRenderer;m_109599_(Lcom/mojang/blaze3d/vertex/PoseStack;FJZLnet/minecraft/client/Camera;Lnet/minecraft/client/renderer/GameRenderer;Lnet/minecraft/client/renderer/LightTexture;Lcom/mojang/math/Matrix4f;)V",
        "Lnet/minecraft/client/renderer/MultiBufferSource$BufferSource;endLastBatch()V": "Lnet/minecraft/client/renderer/MultiBufferSource$BufferSource;m_173043_()V"
      },
      "com/zergatul/cheatutils/mixins/common/MixinAbstractContainerScreen": {
        "Lnet/minecraft/client/gui/screens/inventory/AbstractContainerScreen;renderLabels(Lcom/mojang/blaze3d/vertex/PoseStack;II)V": "Lnet/minecraft/client/gui/screens/inventory/AbstractContainerScreen;m_7027_(Lcom/mojang/blaze3d/vertex/PoseStack;II)V",
        "init()V": "Lnet/minecraft/client/gui/screens/inventory/AbstractContainerScreen;m_7856_()V",
        "render(Lcom/mojang/blaze3d/vertex/PoseStack;IIF)V": "Lnet/minecraft/client/gui/screens/inventory/AbstractContainerScreen;m_6305_(Lcom/mojang/blaze3d/vertex/PoseStack;IIF)V"
      },
      "com/zergatul/cheatutils/mixins/common/MixinBoat": {
        "Lnet/minecraft/world/entity/vehicle/Boat;floatBoat()V": "Lnet/minecraft/world/entity/vehicle/Boat;m_38395_()V",
        "Lnet/minecraft/world/entity/vehicle/Boat;controlBoat()V": "Lnet/minecraft/world/entity/vehicle/Boat;m_38396_()V",
        "Lnet/minecraft/world/entity/vehicle/Boat;setDeltaMovement(DDD)V": "Lnet/minecraft/world/entity/vehicle/Boat;m_20334_(DDD)V"
      },
      "com/zergatul/cheatutils/mixins/common/MixinClientChunkCache": {
        "replaceWithPacketData(IILnet/minecraft/network/FriendlyByteBuf;Lnet/minecraft/nbt/CompoundTag;Ljava/util/function/Consumer;)Lnet/minecraft/world/level/chunk/LevelChunk;": "Lnet/minecraft/client/multiplayer/ClientChunkCache;m_194116_(IILnet/minecraft/network/FriendlyByteBuf;Lnet/minecraft/nbt/CompoundTag;Ljava/util/function/Consumer;)Lnet/minecraft/world/level/chunk/LevelChunk;",
        "Lnet/minecraft/client/multiplayer/ClientChunkCache$Storage;replace(ILnet/minecraft/world/level/chunk/LevelChunk;Lnet/minecraft/world/level/chunk/LevelChunk;)Lnet/minecraft/world/level/chunk/LevelChunk;": "Lnet/minecraft/client/multiplayer/ClientChunkCache$Storage;m_104487_(ILnet/minecraft/world/level/chunk/LevelChunk;Lnet/minecraft/world/level/chunk/LevelChunk;)Lnet/minecraft/world/level/chunk/LevelChunk;",
        "updateViewRadius(I)V": "Lnet/minecraft/client/multiplayer/ClientChunkCache;m_104416_(I)V",
        "drop(II)V": "Lnet/minecraft/client/multiplayer/ClientChunkCache;m_104455_(II)V"
      },
      "com/zergatul/cheatutils/mixins/common/MixinMinecraft": {
        "createTitle()Ljava/lang/String;": "Lnet/minecraft/client/Minecraft;m_91270_()Ljava/lang/String;",
        "Lnet/minecraft/client/renderer/GameRenderer;resetData()V": "Lnet/minecraft/client/renderer/GameRenderer;m_109150_()V",
        "shouldEntityAppearGlowing(Lnet/minecraft/world/entity/Entity;)Z": "Lnet/minecraft/client/Minecraft;m_91314_(Lnet/minecraft/world/entity/Entity;)Z",
        "clearLevel(Lnet/minecraft/client/gui/screens/Screen;)V": "Lnet/minecraft/client/Minecraft;m_91320_(Lnet/minecraft/client/gui/screens/Screen;)V",
        "setLevel(Lnet/minecraft/client/multiplayer/ClientLevel;)V": "Lnet/minecraft/client/Minecraft;m_91156_(Lnet/minecraft/client/multiplayer/ClientLevel;)V",
        "handleKeybinds()V": "Lnet/minecraft/client/Minecraft;m_91279_()V",
        "Lnet/minecraft/client/Minecraft;updateScreenAndTick(Lnet/minecraft/client/gui/screens/Screen;)V": "Lnet/minecraft/client/Minecraft;m_91362_(Lnet/minecraft/client/gui/screens/Screen;)V",
        "tick()V": "Lnet/minecraft/client/Minecraft;m_91398_()V",
        "getFramerateLimit()I": "Lnet/minecraft/client/Minecraft;m_91275_()I",
        "close()V": "Lnet/minecraft/client/Minecraft;close()V"
      },
      "com/zergatul/cheatutils/mixins/common/MixinKeyBindingListKeyEntry": {
        "Lnet/minecraft/client/gui/screens/controls/KeyBindsList$KeyEntry;render(Lcom/mojang/blaze3d/vertex/PoseStack;IIIIIIIZF)V": "Lnet/minecraft/client/gui/screens/controls/KeyBindsList$KeyEntry;m_6311_(Lcom/mojang/blaze3d/vertex/PoseStack;IIIIIIIZF)V",
        "Lnet/minecraft/client/gui/Font;draw(Lcom/mojang/blaze3d/vertex/PoseStack;Lnet/minecraft/network/chat/Component;FFI)I": "Lnet/minecraft/client/gui/Font;m_92889_(Lcom/mojang/blaze3d/vertex/PoseStack;Lnet/minecraft/network/chat/Component;FFI)I"
      },
      "com/zergatul/cheatutils/mixins/common/MixinEntityRenderer": {
        "Lnet/minecraft/client/renderer/entity/EntityRenderer;shouldShowName(Lnet/minecraft/world/entity/Entity;)Z": "Lnet/minecraft/client/renderer/entity/EntityRenderer;m_6512_(Lnet/minecraft/world/entity/Entity;)Z",
        "render(Lnet/minecraft/world/entity/Entity;FFLcom/mojang/blaze3d/vertex/PoseStack;Lnet/minecraft/client/renderer/MultiBufferSource;I)V": "Lnet/minecraft/client/renderer/entity/EntityRenderer;m_7392_(Lnet/minecraft/world/entity/Entity;FFLcom/mojang/blaze3d/vertex/PoseStack;Lnet/minecraft/client/renderer/MultiBufferSource;I)V"
      },
      "com/zergatul/cheatutils/mixins/common/MixinMouseHandler": {
        "Lnet/minecraft/client/player/LocalPlayer;isSpectator()Z": "Lnet/minecraft/client/player/LocalPlayer;m_5833_()Z",
        "turnPlayer()V": "Lnet/minecraft/client/MouseHandler;m_91523_()V",
        "Lnet/minecraft/client/player/LocalPlayer;turn(DD)V": "Lnet/minecraft/client/player/LocalPlayer;m_19884_(DD)V",
        "onScroll(JDD)V": "Lnet/minecraft/client/MouseHandler;m_91526_(JDD)V"
      },
      "com/zergatul/cheatutils/mixins/common/MixinUser": {
        "Lnet/minecraft/client/User;getName()Ljava/lang/String;": "Lnet/minecraft/client/User;m_92546_()Ljava/lang/String;"
      },
      "com/zergatul/cheatutils/mixins/common/MixinDebugScreenOverlay": {
        "Lnet/minecraft/client/gui/components/DebugScreenOverlay;getGameInformation()Ljava/util/List;": "Lnet/minecraft/client/gui/components/DebugScreenOverlay;m_94075_()Ljava/util/List;",
        "Lnet/minecraft/client/gui/components/DebugScreenOverlay;getSystemInformation()Ljava/util/List;": "Lnet/minecraft/client/gui/components/DebugScreenOverlay;m_94078_()Ljava/util/List;"
      },
      "com/zergatul/cheatutils/mixins/common/accessors/LivingEntityAccessor": {
        "swimAmountO": "f_20932_:F",
        "swimAmount": "f_20931_:F"
      },
      "com/zergatul/cheatutils/mixins/common/accessors/ScreenAccessor": {
        "renderTooltip": "m_6057_(Lcom/mojang/blaze3d/vertex/PoseStack;Lnet/minecraft/world/item/ItemStack;II)V",
        "font": "f_96547_:Lnet/minecraft/client/gui/Font;"
      },
      "com/zergatul/cheatutils/mixins/common/MixinSlimeBlock": {
        "Lnet/minecraft/world/level/block/SlimeBlock;updateEntityAfterFallOn(Lnet/minecraft/world/level/BlockGetter;Lnet/minecraft/world/entity/Entity;)V": "Lnet/minecraft/world/level/block/SlimeBlock;m_5548_(Lnet/minecraft/world/level/BlockGetter;Lnet/minecraft/world/entity/Entity;)V",
        "Lnet/minecraft/world/level/block/SlimeBlock;fallOn(Lnet/minecraft/world/level/Level;Lnet/minecraft/world/level/block/state/BlockState;Lnet/minecraft/core/BlockPos;Lnet/minecraft/world/entity/Entity;F)V": "Lnet/minecraft/world/level/block/SlimeBlock;m_142072_(Lnet/minecraft/world/level/Level;Lnet/minecraft/world/level/block/state/BlockState;Lnet/minecraft/core/BlockPos;Lnet/minecraft/world/entity/Entity;F)V",
        "Lnet/minecraft/world/level/block/SlimeBlock;stepOn(Lnet/minecraft/world/level/Level;Lnet/minecraft/core/BlockPos;Lnet/minecraft/world/level/block/state/BlockState;Lnet/minecraft/world/entity/Entity;)V": "Lnet/minecraft/world/level/block/SlimeBlock;m_141947_(Lnet/minecraft/world/level/Level;Lnet/minecraft/core/BlockPos;Lnet/minecraft/world/level/block/state/BlockState;Lnet/minecraft/world/entity/Entity;)V"
      },
      "com/zergatul/cheatutils/mixins/common/MixinLivingEntity": {
        "getEffect(Lnet/minecraft/world/effect/MobEffect;)Lnet/minecraft/world/effect/MobEffectInstance;": "Lnet/minecraft/world/entity/LivingEntity;m_21124_(Lnet/minecraft/world/effect/MobEffect;)Lnet/minecraft/world/effect/MobEffectInstance;",
        "hasEffect(Lnet/minecraft/world/effect/MobEffect;)Z": "Lnet/minecraft/world/entity/LivingEntity;m_21023_(Lnet/minecraft/world/effect/MobEffect;)Z"
      },
      "com/zergatul/cheatutils/mixins/common/MixinScreen": {
        "renderTooltipInternal(Lcom/mojang/blaze3d/vertex/PoseStack;Ljava/util/List;II)V": "Lnet/minecraft/client/gui/screens/Screen;m_169383_(Lcom/mojang/blaze3d/vertex/PoseStack;Ljava/util/List;II)V",
        "renderTooltip(Lcom/mojang/blaze3d/vertex/PoseStack;Lnet/minecraft/world/item/ItemStack;II)V": "Lnet/minecraft/client/gui/screens/Screen;m_6057_(Lcom/mojang/blaze3d/vertex/PoseStack;Lnet/minecraft/world/item/ItemStack;II)V"
      },
      "com/zergatul/cheatutils/mixins/common/MixinClientboundDisconnectPacket": {
        "<init>(Lnet/minecraft/network/chat/Component;)V": "Lnet/minecraft/network/protocol/game/ClientboundDisconnectPacket;<init>(Lnet/minecraft/network/chat/Component;)V",
        "<init>(Lnet/minecraft/network/FriendlyByteBuf;)V": "Lnet/minecraft/network/protocol/game/ClientboundDisconnectPacket;<init>(Lnet/minecraft/network/FriendlyByteBuf;)V"
      },
      "com/zergatul/cheatutils/mixins/common/MixinFogRenderer": {
        "setupFog(Lnet/minecraft/client/Camera;Lnet/minecraft/client/renderer/FogRenderer$FogMode;FZF)V": "Lnet/minecraft/client/renderer/FogRenderer;m_234172_(Lnet/minecraft/client/Camera;Lnet/minecraft/client/renderer/FogRenderer$FogMode;FZF)V"
      },
      "com/zergatul/cheatutils/mixins/common/MixinEntity": {
        "collide(Lnet/minecraft/world/phys/Vec3;)Lnet/minecraft/world/phys/Vec3;": "Lnet/minecraft/world/entity/Entity;m_20272_(Lnet/minecraft/world/phys/Vec3;)Lnet/minecraft/world/phys/Vec3;",
        "getInputVector(Lnet/minecraft/world/phys/Vec3;FF)Lnet/minecraft/world/phys/Vec3;": "Lnet/minecraft/world/entity/Entity;m_20015_(Lnet/minecraft/world/phys/Vec3;FF)Lnet/minecraft/world/phys/Vec3;",
        "moveRelative(FLnet/minecraft/world/phys/Vec3;)V": "Lnet/minecraft/world/entity/Entity;m_19920_(FLnet/minecraft/world/phys/Vec3;)V",
        "getTeamColor()I": "Lnet/minecraft/world/entity/Entity;m_19876_()I",
        "getEyePosition(F)Lnet/minecraft/world/phys/Vec3;": "Lnet/minecraft/world/entity/Entity;m_20299_(F)Lnet/minecraft/world/phys/Vec3;",
        "getViewVector(F)Lnet/minecraft/world/phys/Vec3;": "Lnet/minecraft/world/entity/Entity;m_20252_(F)Lnet/minecraft/world/phys/Vec3;"
      },
      "com/zergatul/cheatutils/mixins/common/MixinLocalPlayer": {
        "aiStep()V": "Lnet/minecraft/client/player/LocalPlayer;m_8107_()V",
        "Lnet/minecraft/client/player/Input;tick(ZF)V": "Lnet/minecraft/client/player/Input;m_214106_(ZF)V",
        "isUsingItem()Z": "Lnet/minecraft/client/player/LocalPlayer;m_6117_()Z",
        "sendPosition()V": "Lnet/minecraft/client/player/LocalPlayer;m_108640_()V"
      },
      "com/zergatul/cheatutils/mixins/common/MixinLevelChunk": {
        "replaceWithPacketData(Lnet/minecraft/network/FriendlyByteBuf;Lnet/minecraft/nbt/CompoundTag;Ljava/util/function/Consumer;)V": "Lnet/minecraft/world/level/chunk/LevelChunk;m_187971_(Lnet/minecraft/network/FriendlyByteBuf;Lnet/minecraft/nbt/CompoundTag;Ljava/util/function/Consumer;)V"
      },
      "com/zergatul/cheatutils/mixins/common/MixinGameRenderer": {
        "getFov(Lnet/minecraft/client/Camera;FZ)D": "Lnet/minecraft/client/renderer/GameRenderer;m_109141_(Lnet/minecraft/client/Camera;FZ)D",
        "pick(F)V": "Lnet/minecraft/client/renderer/GameRenderer;m_109087_(F)V",
        "renderItemInHand(Lcom/mojang/blaze3d/vertex/PoseStack;Lnet/minecraft/client/Camera;F)V": "Lnet/minecraft/client/renderer/GameRenderer;m_109120_(Lcom/mojang/blaze3d/vertex/PoseStack;Lnet/minecraft/client/Camera;F)V",
        "render(FJZ)V": "Lnet/minecraft/client/renderer/GameRenderer;m_109093_(FJZ)V",
        "Lnet/minecraft/client/CameraType;isFirstPerson()Z": "Lnet/minecraft/client/CameraType;m_90612_()Z"
      },
      "com/zergatul/cheatutils/mixins/common/MixinEnchantmentScreen": {
        "Lnet/minecraft/client/gui/screens/inventory/EnchantmentScreen;init()V": "Lnet/minecraft/client/gui/screens/inventory/EnchantmentScreen;m_7856_()V",
        "Lnet/minecraft/client/gui/screens/inventory/EnchantmentScreen;containerTick()V": "Lnet/minecraft/client/gui/screens/inventory/EnchantmentScreen;m_181908_()V"
      },
      "com/zergatul/cheatutils/mixins/common/accessors/KeyMappingAccessor": {
        "key": "f_90816_:Lcom/mojang/blaze3d/platform/InputConstants$Key;"
      },
      "com/zergatul/cheatutils/mixins/common/MixinGui": {
        "renderCrosshair(Lcom/mojang/blaze3d/vertex/PoseStack;)V": "Lnet/minecraft/client/gui/Gui;m_93080_(Lcom/mojang/blaze3d/vertex/PoseStack;)V",
        "renderEffects(Lcom/mojang/blaze3d/vertex/PoseStack;)V": "Lnet/minecraft/client/gui/Gui;m_93028_(Lcom/mojang/blaze3d/vertex/PoseStack;)V",
        "Lnet/minecraft/client/CameraType;isFirstPerson()Z": "Lnet/minecraft/client/CameraType;m_90612_()Z"
      },
      "com/zergatul/cheatutils/mixins/forge/MixinLightTexture": {
        "Lnet/minecraft/client/renderer/LightTexture;updateLightTexture(F)V": "Lnet/minecraft/client/renderer/LightTexture;m_109881_(F)V"
      },
      "com/zergatul/cheatutils/mixins/common/accessors/ClientPacketListenerAccessor": {
        "serverChunkRadius": "f_104897_:I",
        "queueLightUpdate": "m_194252_(Lnet/minecraft/network/protocol/game/ClientboundForgetLevelChunkPacket;)V"
      },
      "com/zergatul/cheatutils/mixins/common/MixinParticleEngine": {
        "Lnet/minecraft/client/particle/ParticleEngine;destroy(Lnet/minecraft/core/BlockPos;Lnet/minecraft/world/level/block/state/BlockState;)V": "Lnet/minecraft/client/particle/ParticleEngine;m_107355_(Lnet/minecraft/core/BlockPos;Lnet/minecraft/world/level/block/state/BlockState;)V",
        "Lnet/minecraft/client/particle/ParticleEngine;crack(Lnet/minecraft/core/BlockPos;Lnet/minecraft/core/Direction;)V": "Lnet/minecraft/client/particle/ParticleEngine;m_107367_(Lnet/minecraft/core/BlockPos;Lnet/minecraft/core/Direction;)V"
      },
      "com/zergatul/cheatutils/mixins/common/accessors/InputConstantsKeyAccessor": {
        "NAME_MAP": "f_84857_:Ljava/util/Map;"
      },
      "com/zergatul/cheatutils/mixins/common/accessors/ItemRendererAccessor": {
        "textureManager": "f_115096_:Lnet/minecraft/client/renderer/texture/TextureManager;"
      },
      "com/zergatul/cheatutils/mixins/common/MixinMultiPlayerGameMode": {
        "useItemOn(Lnet/minecraft/client/player/LocalPlayer;Lnet/minecraft/world/InteractionHand;Lnet/minecraft/world/phys/BlockHitResult;)Lnet/minecraft/world/InteractionResult;": "Lnet/minecraft/client/multiplayer/MultiPlayerGameMode;m_233732_(Lnet/minecraft/client/player/LocalPlayer;Lnet/minecraft/world/InteractionHand;Lnet/minecraft/world/phys/BlockHitResult;)Lnet/minecraft/world/InteractionResult;",
        "releaseUsingItem(Lnet/minecraft/world/entity/player/Player;)V": "Lnet/minecraft/client/multiplayer/MultiPlayerGameMode;m_105277_(Lnet/minecraft/world/entity/player/Player;)V"
      },
      "com/zergatul/cheatutils/mixins/common/MixinClientPacketListener": {
        "handleDisconnect(Lnet/minecraft/network/protocol/game/ClientboundDisconnectPacket;)V": "Lnet/minecraft/client/multiplayer/ClientPacketListener;m_6008_(Lnet/minecraft/network/protocol/game/ClientboundDisconnectPacket;)V",
        "Lnet/minecraft/network/protocol/game/ClientboundLoginPacket;playerId()I": "Lnet/minecraft/network/protocol/game/ClientboundLoginPacket;f_132360_()I",
        "handleLogin(Lnet/minecraft/network/protocol/game/ClientboundLoginPacket;)V": "Lnet/minecraft/client/multiplayer/ClientPacketListener;m_5998_(Lnet/minecraft/network/protocol/game/ClientboundLoginPacket;)V",
        "Lnet/minecraft/network/Connection;disconnect(Lnet/minecraft/network/chat/Component;)V": "Lnet/minecraft/network/Connection;m_129507_(Lnet/minecraft/network/chat/Component;)V",
        "handleSetChunkCacheRadius(Lnet/minecraft/network/protocol/game/ClientboundSetChunkCacheRadiusPacket;)V": "Lnet/minecraft/client/multiplayer/ClientPacketListener;m_7299_(Lnet/minecraft/network/protocol/game/ClientboundSetChunkCacheRadiusPacket;)V"
      }
    }
  }
}